-- phpMyAdmin SQL Dump
-- version 5.2.1
-- https://www.phpmyadmin.net/
--
-- Host: 127.0.0.1
-- Waktu pembuatan: 04 Jun 2024 pada 05.57
-- Versi server: 10.4.32-MariaDB
-- Versi PHP: 8.2.12

SET SQL_MODE = "NO_AUTO_VALUE_ON_ZERO";
START TRANSACTION;
SET time_zone = "+00:00";


/*!40101 SET @OLD_CHARACTER_SET_CLIENT=@@CHARACTER_SET_CLIENT */;
/*!40101 SET @OLD_CHARACTER_SET_RESULTS=@@CHARACTER_SET_RESULTS */;
/*!40101 SET @OLD_COLLATION_CONNECTION=@@COLLATION_CONNECTION */;
/*!40101 SET NAMES utf8mb4 */;

--
-- Database: `db_k-means`
--

-- --------------------------------------------------------

--
-- Struktur dari tabel `admins`
--

CREATE TABLE `admins` (
  `id` bigint(20) UNSIGNED NOT NULL,
  `nama` varchar(255) NOT NULL,
  `nip` varchar(255) NOT NULL,
  `jenis_kelamin` enum('Laki-Laki','Perempuan') NOT NULL,
  `email` varchar(255) NOT NULL,
  `password` varchar(255) NOT NULL,
  `created_at` timestamp NULL DEFAULT NULL,
  `updated_at` timestamp NULL DEFAULT NULL
) ENGINE=InnoDB DEFAULT CHARSET=utf8mb4 COLLATE=utf8mb4_unicode_ci;

--
-- Dumping data untuk tabel `admins`
--

INSERT INTO `admins` (`id`, `nama`, `nip`, `jenis_kelamin`, `email`, `password`, `created_at`, `updated_at`) VALUES
(1, 'Admin', '1031000578', 'Laki-Laki', 'admin@gmail.com', '$2y$12$OrGFs03sOWIF0T3r0WN24e4bK3eALsI01cu5yYVzZcOdIY0t5z/zq', '2024-06-01 17:50:24', '2024-06-01 17:50:24');

-- --------------------------------------------------------

--
-- Struktur dari tabel `cluster_results`
--

CREATE TABLE `cluster_results` (
  `id` bigint(20) UNSIGNED NOT NULL,
  `id_kecamatan` bigint(20) UNSIGNED NOT NULL,
  `tahun` int(11) NOT NULL,
  `luas_panen` double NOT NULL,
  `hasil` double NOT NULL,
  `cluster` int(11) NOT NULL,
  `created_at` timestamp NULL DEFAULT NULL,
  `updated_at` timestamp NULL DEFAULT NULL
) ENGINE=InnoDB DEFAULT CHARSET=utf8mb4 COLLATE=utf8mb4_unicode_ci;

--
-- Dumping data untuk tabel `cluster_results`
--

INSERT INTO `cluster_results` (`id`, `id_kecamatan`, `tahun`, `luas_panen`, `hasil`, `cluster`, `created_at`, `updated_at`) VALUES
(1, 1, 2019, 1942.4, 12915.01, 1, '2024-06-01 19:47:42', '2024-06-01 19:47:42'),
(2, 2, 2019, 1564, 8503.86, 1, '2024-06-01 19:47:42', '2024-06-01 19:47:42'),
(3, 5, 2019, 2435.6, 13641.81, 1, '2024-06-01 19:47:42', '2024-06-01 19:47:42'),
(4, 10, 2019, 897.6, 7248.88, 1, '2024-06-01 19:47:43', '2024-06-01 19:47:43'),
(5, 12, 2019, 1673.2, 12124, 1, '2024-06-01 19:47:43', '2024-06-01 19:47:43'),
(6, 13, 2019, 1373.8, 9623.99, 1, '2024-06-01 19:47:43', '2024-06-01 19:47:43'),
(7, 14, 2019, 801.6, 5474.29, 1, '2024-06-01 19:47:43', '2024-06-01 19:47:43'),
(8, 15, 2019, 510.9, 2936.53, 1, '2024-06-01 19:47:43', '2024-06-01 19:47:43'),
(9, 18, 2019, 53.5, 382.23, 1, '2024-06-01 19:47:43', '2024-06-01 19:47:43'),
(10, 20, 2019, 447.6, 2709.29, 1, '2024-06-01 19:47:43', '2024-06-01 19:47:43'),
(11, 21, 2019, 634.5, 4069.44, 1, '2024-06-01 19:47:43', '2024-06-01 19:47:43'),
(12, 23, 2019, 1759, 10170.38, 1, '2024-06-01 19:47:43', '2024-06-01 19:47:43'),
(13, 1, 2020, 2202.5, 13797.53, 1, '2024-06-01 19:47:44', '2024-06-01 19:47:44'),
(14, 2, 2020, 1301, 6740.51, 1, '2024-06-01 19:47:44', '2024-06-01 19:47:44'),
(15, 3, 2020, 1148, 5622.7, 1, '2024-06-01 19:47:44', '2024-06-01 19:47:44'),
(16, 4, 2020, 1024, 5430.12, 1, '2024-06-01 19:47:44', '2024-06-01 19:47:44'),
(17, 10, 2020, 1637.5, 13684.08, 1, '2024-06-01 19:47:44', '2024-06-01 19:47:44'),
(18, 12, 2020, 861.4, 6394.49, 1, '2024-06-01 19:47:44', '2024-06-01 19:47:44'),
(19, 14, 2020, 680.4, 4413.92, 1, '2024-06-01 19:47:44', '2024-06-01 19:47:44'),
(20, 15, 2020, 720.5, 4143.62, 1, '2024-06-01 19:47:44', '2024-06-01 19:47:44'),
(21, 18, 2020, 136.2, 810.19, 1, '2024-06-01 19:47:44', '2024-06-01 19:47:44'),
(22, 20, 2020, 1104.7, 7353.77, 1, '2024-06-01 19:47:44', '2024-06-01 19:47:44'),
(23, 21, 2020, 1641.7, 10688.85, 1, '2024-06-01 19:47:45', '2024-06-01 19:47:45'),
(24, 23, 2020, 1107.7, 7565.32, 1, '2024-06-01 19:47:45', '2024-06-01 19:47:45'),
(25, 2, 2021, 1482, 8314.34, 1, '2024-06-01 19:47:45', '2024-06-01 19:47:45'),
(26, 3, 2021, 1622, 8225.16, 1, '2024-06-01 19:47:45', '2024-06-01 19:47:45'),
(27, 4, 2021, 1477, 7897.75, 1, '2024-06-01 19:47:45', '2024-06-01 19:47:45'),
(28, 8, 2021, 762, 5173.45, 1, '2024-06-01 19:47:45', '2024-06-01 19:47:45'),
(29, 11, 2021, 368, 2368.18, 1, '2024-06-01 19:47:45', '2024-06-01 19:47:45'),
(30, 12, 2021, 169, 1279.75, 1, '2024-06-01 19:47:45', '2024-06-01 19:47:45'),
(31, 13, 2021, 1674, 11312.76, 1, '2024-06-01 19:47:46', '2024-06-01 19:47:46'),
(32, 14, 2021, 378, 2114.04, 1, '2024-06-01 19:47:46', '2024-06-01 19:47:46'),
(33, 15, 2021, 313, 1739.43, 1, '2024-06-01 19:47:46', '2024-06-01 19:47:46'),
(34, 18, 2021, 45, 287.21, 1, '2024-06-01 19:47:46', '2024-06-01 19:47:46'),
(35, 19, 2021, 1137, 6646.19, 1, '2024-06-01 19:47:46', '2024-06-01 19:47:46'),
(36, 20, 2021, 1232, 8002.99, 1, '2024-06-01 19:47:46', '2024-06-01 19:47:46'),
(37, 23, 2021, 1607, 11139.51, 1, '2024-06-01 19:47:46', '2024-06-01 19:47:46'),
(38, 2, 2022, 2018.3, 12583.74, 1, '2024-06-01 19:47:47', '2024-06-01 19:47:47'),
(39, 3, 2022, 1370.08, 8591.47, 1, '2024-06-01 19:47:47', '2024-06-01 19:47:47'),
(40, 4, 2022, 275, 1726.49, 1, '2024-06-01 19:47:47', '2024-06-01 19:47:47'),
(41, 5, 2022, 1705.45, 10752.45, 1, '2024-06-01 19:47:47', '2024-06-01 19:47:47'),
(42, 11, 2022, 2018.33, 13367.88, 1, '2024-06-01 19:47:47', '2024-06-01 19:47:47'),
(43, 12, 2022, 1846.16, 11631.45, 1, '2024-06-01 19:47:47', '2024-06-01 19:47:47'),
(44, 13, 2022, 1446.6, 9079.29, 1, '2024-06-01 19:47:47', '2024-06-01 19:47:47'),
(45, 14, 2022, 410.64, 2666.36, 1, '2024-06-01 19:47:48', '2024-06-01 19:47:48'),
(46, 19, 2022, 580.3, 3653.17, 1, '2024-06-01 19:47:48', '2024-06-01 19:47:48'),
(47, 20, 2022, 1050, 6484.76, 1, '2024-06-01 19:47:48', '2024-06-01 19:47:48'),
(48, 21, 2022, 1601.15, 10089.22, 1, '2024-06-01 19:47:48', '2024-06-01 19:47:48'),
(49, 22, 2022, 2116.86, 13482.44, 1, '2024-06-01 19:47:48', '2024-06-01 19:47:48'),
(50, 23, 2022, 1758.23, 11982.05, 1, '2024-06-01 19:47:48', '2024-06-01 19:47:48'),
(51, 2, 2023, 576, 3798.18, 1, '2024-06-01 19:47:48', '2024-06-01 19:47:48'),
(52, 3, 2023, 112, 740.95, 1, '2024-06-01 19:47:48', '2024-06-01 19:47:48'),
(53, 4, 2023, 53, 351.28, 1, '2024-06-01 19:47:49', '2024-06-01 19:47:49'),
(54, 5, 2023, 471, 3106.43, 1, '2024-06-01 19:47:49', '2024-06-01 19:47:49'),
(55, 10, 2023, 1291, 8462.06, 1, '2024-06-01 19:47:49', '2024-06-01 19:47:49'),
(56, 12, 2023, 1725, 11340.44, 1, '2024-06-01 19:47:49', '2024-06-01 19:47:49'),
(57, 13, 2023, 644, 4238.88, 1, '2024-06-01 19:47:49', '2024-06-01 19:47:49'),
(58, 14, 2023, 506, 3291.74, 1, '2024-06-01 19:47:49', '2024-06-01 19:47:49'),
(59, 15, 2023, 407, 2661.3, 1, '2024-06-01 19:47:49', '2024-06-01 19:47:49'),
(60, 18, 2023, 1400, 9158.75, 1, '2024-06-01 19:47:49', '2024-06-01 19:47:49'),
(61, 19, 2023, 1140, 7489.08, 1, '2024-06-01 19:47:49', '2024-06-01 19:47:49'),
(62, 20, 2023, 1833, 11993.81, 1, '2024-06-01 19:47:50', '2024-06-01 19:47:50'),
(63, 21, 2023, 1431, 9386.26, 1, '2024-06-01 19:47:50', '2024-06-01 19:47:50'),
(64, 23, 2023, 1042, 6879.76, 1, '2024-06-01 19:47:50', '2024-06-01 19:47:50'),
(65, 24, 2023, 2032, 13407.28, 1, '2024-06-01 19:47:50', '2024-06-01 19:47:50'),
(66, 3, 2019, 5739, 25586.87, 2, '2024-06-01 19:47:50', '2024-06-01 19:47:50'),
(67, 4, 2019, 2667, 15233.83, 2, '2024-06-01 19:47:50', '2024-06-01 19:47:50'),
(68, 6, 2019, 4115.4, 22261.58, 2, '2024-06-01 19:47:50', '2024-06-01 19:47:50'),
(69, 8, 2019, 2923.1, 19503.05, 2, '2024-06-01 19:47:50', '2024-06-01 19:47:50'),
(70, 11, 2019, 3256.1, 23798.7, 2, '2024-06-01 19:47:51', '2024-06-01 19:47:51'),
(71, 16, 2019, 3458.7, 21606.32, 2, '2024-06-01 19:47:51', '2024-06-01 19:47:51'),
(72, 17, 2019, 3771.2, 24659.36, 2, '2024-06-01 19:47:51', '2024-06-01 19:47:51'),
(73, 19, 2019, 2378, 15248.63, 2, '2024-06-01 19:47:51', '2024-06-01 19:47:51'),
(74, 22, 2019, 3592.7, 25184.88, 2, '2024-06-01 19:47:51', '2024-06-01 19:47:51'),
(75, 5, 2020, 3586, 18234.77, 2, '2024-06-01 19:47:51', '2024-06-01 19:47:51'),
(76, 6, 2020, 3395.3, 19045.63, 2, '2024-06-01 19:47:51', '2024-06-01 19:47:51'),
(77, 8, 2020, 4003.6, 25906.99, 2, '2024-06-01 19:47:51', '2024-06-01 19:47:51'),
(78, 9, 2020, 3975.5, 28981.05, 2, '2024-06-01 19:47:52', '2024-06-01 19:47:52'),
(79, 11, 2020, 3645.7, 25613.24, 2, '2024-06-01 19:47:52', '2024-06-01 19:47:52'),
(80, 13, 2020, 2246.6, 15298.48, 2, '2024-06-01 19:47:52', '2024-06-01 19:47:52'),
(81, 16, 2020, 3514.8, 21376.56, 2, '2024-06-01 19:47:52', '2024-06-01 19:47:52'),
(82, 17, 2020, 4195.5, 27047.21, 2, '2024-06-01 19:47:52', '2024-06-01 19:47:52'),
(83, 19, 2020, 2615.4, 16197.57, 2, '2024-06-01 19:47:52', '2024-06-01 19:47:52'),
(84, 22, 2020, 2890.6, 20103.13, 2, '2024-06-01 19:47:52', '2024-06-01 19:47:52'),
(85, 1, 2021, 3883, 24804.82, 2, '2024-06-01 19:47:52', '2024-06-01 19:47:52'),
(86, 5, 2021, 3766, 19957.62, 2, '2024-06-01 19:47:52', '2024-06-01 19:47:52'),
(87, 6, 2021, 4654, 25982.79, 2, '2024-06-01 19:47:53', '2024-06-01 19:47:53'),
(88, 10, 2021, 2646, 21297.12, 2, '2024-06-01 19:47:53', '2024-06-01 19:47:53'),
(89, 17, 2021, 3477, 22367.83, 2, '2024-06-01 19:47:53', '2024-06-01 19:47:53'),
(90, 21, 2021, 2484, 16191.58, 2, '2024-06-01 19:47:53', '2024-06-01 19:47:53'),
(91, 22, 2021, 2110, 14930.77, 2, '2024-06-01 19:47:53', '2024-06-01 19:47:53'),
(92, 6, 2022, 3573, 24751.28, 2, '2024-06-01 19:47:53', '2024-06-01 19:47:53'),
(93, 8, 2022, 3257.59, 20217.62, 2, '2024-06-01 19:47:54', '2024-06-01 19:47:54'),
(94, 9, 2022, 3119.07, 19668.42, 2, '2024-06-01 19:47:54', '2024-06-01 19:47:54'),
(95, 10, 2022, 3512.48, 23283.27, 2, '2024-06-01 19:47:54', '2024-06-01 19:47:54'),
(96, 15, 2022, 3213, 19741.1, 2, '2024-06-01 19:47:55', '2024-06-01 19:47:55'),
(97, 16, 2022, 4230.22, 27275.39, 2, '2024-06-01 19:47:55', '2024-06-01 19:47:55'),
(98, 17, 2022, 2757.12, 17682.82, 2, '2024-06-01 19:47:55', '2024-06-01 19:47:55'),
(99, 18, 2022, 3267.94, 20704.21, 2, '2024-06-01 19:47:55', '2024-06-01 19:47:55'),
(100, 1, 2023, 3473, 22628.29, 2, '2024-06-01 19:47:55', '2024-06-01 19:47:55'),
(101, 6, 2023, 3163, 20729.72, 2, '2024-06-01 19:47:55', '2024-06-01 19:47:55'),
(102, 8, 2023, 3695, 24338.15, 2, '2024-06-01 19:47:55', '2024-06-01 19:47:55'),
(103, 9, 2023, 2890, 19035.07, 2, '2024-06-01 19:47:55', '2024-06-01 19:47:55'),
(104, 11, 2023, 4517, 29677.19, 2, '2024-06-01 19:47:55', '2024-06-01 19:47:55'),
(105, 16, 2023, 4159, 27306.83, 2, '2024-06-01 19:47:56', '2024-06-01 19:47:56'),
(106, 17, 2023, 2906, 19133.64, 2, '2024-06-01 19:47:56', '2024-06-01 19:47:56'),
(107, 22, 2023, 2679, 17606.5, 2, '2024-06-01 19:47:56', '2024-06-01 19:47:56'),
(108, 7, 2019, 5131, 34193.08, 3, '2024-06-01 19:47:56', '2024-06-01 19:47:56'),
(109, 9, 2019, 4291.1, 31154.71, 3, '2024-06-01 19:47:56', '2024-06-01 19:47:56'),
(110, 24, 2019, 5414.8, 40157.79, 3, '2024-06-01 19:47:56', '2024-06-01 19:47:56'),
(111, 7, 2020, 6215.1, 40349.08, 3, '2024-06-01 19:47:56', '2024-06-01 19:47:56'),
(112, 24, 2020, 6619.2, 47283.83, 3, '2024-06-01 19:47:56', '2024-06-01 19:47:56'),
(113, 7, 2021, 5516, 35941.89, 3, '2024-06-01 19:47:57', '2024-06-01 19:47:57'),
(114, 9, 2021, 5080, 36270.81, 3, '2024-06-01 19:47:57', '2024-06-01 19:47:57'),
(115, 16, 2021, 6737, 43012.72, 3, '2024-06-01 19:47:57', '2024-06-01 19:47:57'),
(116, 24, 2021, 7986, 57285.35, 3, '2024-06-01 19:47:57', '2024-06-01 19:47:57'),
(117, 1, 2022, 5400.1, 35792.87, 3, '2024-06-01 19:47:57', '2024-06-01 19:47:57'),
(118, 7, 2022, 5332.27, 33466.16, 3, '2024-06-01 19:47:57', '2024-06-01 19:47:57'),
(119, 24, 2022, 5793.02, 36713.09, 3, '2024-06-01 19:47:57', '2024-06-01 19:47:57'),
(120, 7, 2023, 5336, 35060.43, 3, '2024-06-01 19:47:57', '2024-06-01 19:47:57');

-- --------------------------------------------------------

--
-- Struktur dari tabel `kecamatans`
--

CREATE TABLE `kecamatans` (
  `id` bigint(20) UNSIGNED NOT NULL,
  `kode` varchar(255) NOT NULL,
  `nama` varchar(255) NOT NULL,
  `created_at` timestamp NULL DEFAULT NULL,
  `updated_at` timestamp NULL DEFAULT NULL
) ENGINE=InnoDB DEFAULT CHARSET=utf8mb4 COLLATE=utf8mb4_unicode_ci;

--
-- Dumping data untuk tabel `kecamatans`
--

INSERT INTO `kecamatans` (`id`, `kode`, `nama`, `created_at`, `updated_at`) VALUES
(1, '35.14.01', 'Purwodadi', '2024-06-01 17:57:29', '2024-06-01 20:04:30'),
(2, '35.14.02', 'Tutur', '2024-06-01 18:23:50', '2024-06-01 18:23:50'),
(3, '35.14.03', 'Puspo', '2024-06-01 18:24:06', '2024-06-01 18:24:06'),
(4, '35.14.24', 'Tosari', '2024-06-01 18:24:25', '2024-06-01 18:24:25'),
(5, '35.14.04', 'Lumbang', '2024-06-01 18:25:57', '2024-06-01 18:25:57'),
(6, '35.14.05', 'Pasrepan', '2024-06-01 18:26:41', '2024-06-01 18:26:41'),
(7, '35.14.06', 'Kejayan', '2024-06-01 18:26:56', '2024-06-01 18:26:56'),
(8, '35.14.07', 'Wonorejo', '2024-06-01 18:27:07', '2024-06-01 18:27:07'),
(9, '35.14.08', 'Purwosari', '2024-06-01 18:27:25', '2024-06-01 18:27:25'),
(10, '35.14.10', 'Prigen', '2024-06-01 18:27:37', '2024-06-01 18:27:37'),
(11, '35.14.09', 'Sukorejo', '2024-06-01 18:27:48', '2024-06-01 18:27:48'),
(12, '35.14.11', 'Pandaan', '2024-06-01 18:27:58', '2024-06-01 18:27:58'),
(13, '35.14.12', 'Gempol', '2024-06-01 18:28:09', '2024-06-01 18:28:09'),
(14, '35.14.13', 'Beji', '2024-06-01 18:28:19', '2024-06-01 18:28:19'),
(15, '35.14.14', 'Bangil', '2024-06-01 18:28:32', '2024-06-01 18:28:32'),
(16, '35.14.15', 'Rembang', '2024-06-01 18:28:42', '2024-06-01 18:28:42'),
(17, '35.14.16', 'Kraton', '2024-06-01 18:28:52', '2024-06-01 18:28:52'),
(18, '35.14.17', 'Pohjentrek', '2024-06-01 18:29:08', '2024-06-01 18:29:08'),
(19, '35.14.18', 'Gondang Wetan', '2024-06-01 18:29:55', '2024-06-01 18:29:55'),
(20, '35.14.23', 'Rejoso', '2024-06-01 18:30:13', '2024-06-01 18:30:13'),
(21, '35.14.19', 'Winongan', '2024-06-01 18:30:23', '2024-06-01 18:30:23'),
(22, '35.14.20', 'Grati', '2024-06-01 18:30:41', '2024-06-01 18:30:41'),
(23, '35.14.22', 'Lekok', '2024-06-01 18:30:53', '2024-06-01 18:30:53'),
(24, '35.14.21', 'Nguling', '2024-06-01 18:31:09', '2024-06-01 18:31:09');

-- --------------------------------------------------------

--
-- Struktur dari tabel `produksi`
--

CREATE TABLE `produksi` (
  `id` bigint(20) UNSIGNED NOT NULL,
  `tahun` varchar(255) NOT NULL,
  `id_kecamatan` bigint(20) UNSIGNED NOT NULL,
  `luas_panen` double(8,2) NOT NULL,
  `hasil` double(8,2) NOT NULL,
  `created_at` timestamp NULL DEFAULT NULL,
  `updated_at` timestamp NULL DEFAULT NULL
) ENGINE=InnoDB DEFAULT CHARSET=utf8mb4 COLLATE=utf8mb4_unicode_ci;

--
-- Dumping data untuk tabel `produksi`
--

INSERT INTO `produksi` (`id`, `tahun`, `id_kecamatan`, `luas_panen`, `hasil`, `created_at`, `updated_at`) VALUES
(1, '2019', 1, 1942.40, 12915.01, '2024-06-01 18:38:58', '2024-06-01 18:38:58'),
(2, '2019', 2, 1564.00, 8503.86, '2024-06-01 18:42:08', '2024-06-01 18:42:08'),
(3, '2019', 3, 5739.00, 25586.87, '2024-06-01 18:42:58', '2024-06-01 18:42:58'),
(4, '2019', 4, 2667.00, 15233.83, '2024-06-01 18:43:27', '2024-06-01 18:43:27'),
(5, '2019', 5, 2435.60, 13641.81, '2024-06-01 18:43:44', '2024-06-01 18:43:44'),
(6, '2019', 6, 4115.40, 22261.58, '2024-06-01 18:44:00', '2024-06-01 18:44:00'),
(7, '2019', 7, 5131.00, 34193.08, '2024-06-01 18:44:20', '2024-06-01 18:44:20'),
(8, '2019', 8, 2923.10, 19503.05, '2024-06-01 18:44:35', '2024-06-01 18:44:35'),
(9, '2019', 9, 4291.10, 31154.71, '2024-06-01 18:44:47', '2024-06-01 18:44:47'),
(10, '2019', 10, 897.60, 7248.88, '2024-06-01 18:44:59', '2024-06-01 18:44:59'),
(11, '2019', 11, 3256.10, 23798.70, '2024-06-01 18:45:16', '2024-06-01 18:45:16'),
(12, '2019', 12, 1673.20, 12124.00, '2024-06-01 18:45:29', '2024-06-01 18:45:29'),
(13, '2019', 13, 1373.80, 9623.99, '2024-06-01 18:54:34', '2024-06-01 18:54:34'),
(14, '2019', 14, 801.60, 5474.29, '2024-06-01 18:54:49', '2024-06-01 18:54:49'),
(15, '2019', 15, 510.90, 2936.53, '2024-06-01 18:55:05', '2024-06-01 18:55:05'),
(16, '2019', 16, 3458.70, 21606.32, '2024-06-01 18:55:21', '2024-06-01 18:55:21'),
(17, '2019', 17, 3771.20, 24659.36, '2024-06-01 18:55:38', '2024-06-01 18:55:38'),
(18, '2019', 18, 53.50, 382.23, '2024-06-01 18:55:51', '2024-06-01 18:55:51'),
(19, '2019', 19, 2378.00, 15248.63, '2024-06-01 18:56:14', '2024-06-01 18:56:14'),
(20, '2019', 20, 447.60, 2709.29, '2024-06-01 18:56:27', '2024-06-01 18:56:27'),
(21, '2019', 21, 634.50, 4069.44, '2024-06-01 18:56:40', '2024-06-01 18:56:40'),
(22, '2019', 22, 3592.70, 25184.88, '2024-06-01 18:56:53', '2024-06-01 18:56:53'),
(23, '2019', 23, 1759.00, 10170.38, '2024-06-01 18:57:05', '2024-06-01 18:57:05'),
(24, '2019', 24, 5414.80, 40157.79, '2024-06-01 18:57:20', '2024-06-01 18:57:20'),
(25, '2020', 1, 2202.50, 13797.53, '2024-06-01 18:59:26', '2024-06-01 18:59:26'),
(26, '2020', 2, 1301.00, 6740.51, '2024-06-01 18:59:41', '2024-06-01 18:59:41'),
(27, '2020', 3, 1148.00, 5622.70, '2024-06-01 18:59:54', '2024-06-01 18:59:54'),
(28, '2020', 4, 1024.00, 5430.12, '2024-06-01 19:00:15', '2024-06-01 19:00:15'),
(29, '2020', 5, 3586.00, 18234.77, '2024-06-01 19:00:43', '2024-06-01 19:00:43'),
(30, '2020', 6, 3395.30, 19045.63, '2024-06-01 19:00:56', '2024-06-01 19:00:56'),
(31, '2020', 7, 6215.10, 40349.08, '2024-06-01 19:01:18', '2024-06-01 19:01:18'),
(32, '2020', 8, 4003.60, 25906.99, '2024-06-01 19:01:32', '2024-06-01 19:01:32'),
(33, '2020', 9, 3975.50, 28981.05, '2024-06-01 19:01:48', '2024-06-01 19:01:48'),
(34, '2020', 10, 1637.50, 13684.08, '2024-06-01 19:02:00', '2024-06-01 19:02:00'),
(35, '2020', 11, 3645.70, 25613.24, '2024-06-01 19:02:14', '2024-06-01 19:02:14'),
(36, '2020', 12, 861.40, 6394.49, '2024-06-01 19:02:26', '2024-06-01 19:02:26'),
(37, '2020', 13, 2246.60, 15298.48, '2024-06-01 19:02:38', '2024-06-01 19:02:38'),
(38, '2020', 14, 680.40, 4413.92, '2024-06-01 19:02:49', '2024-06-01 19:02:49'),
(39, '2020', 15, 720.50, 4143.62, '2024-06-01 19:03:02', '2024-06-01 19:03:02'),
(40, '2020', 16, 3514.80, 21376.56, '2024-06-01 19:03:18', '2024-06-01 19:03:18'),
(41, '2020', 17, 4195.50, 27047.21, '2024-06-01 19:03:31', '2024-06-01 19:03:31'),
(42, '2020', 18, 136.20, 810.19, '2024-06-01 19:03:48', '2024-06-01 19:03:48'),
(43, '2020', 19, 2615.40, 16197.57, '2024-06-01 19:04:53', '2024-06-01 19:04:53'),
(44, '2020', 20, 1104.70, 7353.77, '2024-06-01 19:05:06', '2024-06-01 19:05:06'),
(45, '2020', 21, 1641.70, 10688.85, '2024-06-01 19:05:19', '2024-06-01 19:05:19'),
(46, '2020', 22, 2890.60, 20103.13, '2024-06-01 19:05:32', '2024-06-01 19:05:32'),
(47, '2020', 23, 1107.70, 7565.32, '2024-06-01 19:05:44', '2024-06-01 19:05:44'),
(48, '2020', 24, 6619.20, 47283.83, '2024-06-01 19:05:56', '2024-06-01 19:05:56'),
(49, '2021', 1, 3883.00, 24804.82, '2024-06-01 19:07:33', '2024-06-01 19:11:16'),
(50, '2021', 2, 1482.00, 8314.34, '2024-06-01 19:12:16', '2024-06-01 19:12:16'),
(51, '2021', 3, 1622.00, 8225.16, '2024-06-01 19:12:58', '2024-06-01 19:12:58'),
(52, '2021', 4, 1477.00, 7897.75, '2024-06-01 19:13:14', '2024-06-01 19:13:14'),
(53, '2021', 5, 3766.00, 19957.62, '2024-06-01 19:13:28', '2024-06-01 19:13:28'),
(54, '2021', 6, 4654.00, 25982.79, '2024-06-01 19:13:45', '2024-06-01 19:13:45'),
(55, '2021', 7, 5516.00, 35941.89, '2024-06-01 19:13:59', '2024-06-01 19:13:59'),
(56, '2021', 8, 762.00, 5173.45, '2024-06-01 19:14:15', '2024-06-01 19:14:15'),
(57, '2021', 9, 5080.00, 36270.81, '2024-06-01 19:14:33', '2024-06-01 19:14:33'),
(58, '2021', 10, 2646.00, 21297.12, '2024-06-01 19:14:45', '2024-06-01 19:14:45'),
(59, '2021', 11, 368.00, 2368.18, '2024-06-01 19:15:01', '2024-06-01 19:15:01'),
(60, '2021', 12, 169.00, 1279.75, '2024-06-01 19:15:13', '2024-06-01 19:15:13'),
(61, '2021', 13, 1674.00, 11312.76, '2024-06-01 19:15:26', '2024-06-01 19:15:26'),
(62, '2021', 14, 378.00, 2114.04, '2024-06-01 19:15:38', '2024-06-01 19:15:38'),
(63, '2021', 15, 313.00, 1739.43, '2024-06-01 19:15:52', '2024-06-01 19:15:52'),
(64, '2021', 16, 6737.00, 43012.72, '2024-06-01 19:16:07', '2024-06-01 19:16:07'),
(65, '2021', 17, 3477.00, 22367.83, '2024-06-01 19:16:23', '2024-06-01 19:16:23'),
(66, '2021', 18, 45.00, 287.21, '2024-06-01 19:16:35', '2024-06-01 19:16:35'),
(67, '2021', 19, 1137.00, 6646.19, '2024-06-01 19:16:49', '2024-06-01 19:16:49'),
(68, '2021', 20, 1232.00, 8002.99, '2024-06-01 19:17:01', '2024-06-01 19:17:01'),
(69, '2021', 21, 2484.00, 16191.58, '2024-06-01 19:17:15', '2024-06-01 19:17:15'),
(70, '2021', 22, 2110.00, 14930.77, '2024-06-01 19:17:35', '2024-06-01 19:17:35'),
(71, '2021', 23, 1607.00, 11139.51, '2024-06-01 19:17:47', '2024-06-01 19:17:47'),
(72, '2021', 24, 7986.00, 57285.35, '2024-06-01 19:17:59', '2024-06-01 19:17:59'),
(73, '2022', 1, 5400.10, 35792.87, '2024-06-01 19:19:08', '2024-06-01 19:19:08'),
(74, '2022', 2, 2018.30, 12583.74, '2024-06-01 19:21:24', '2024-06-01 19:22:32'),
(75, '2022', 3, 1370.08, 8591.47, '2024-06-01 19:21:37', '2024-06-01 19:22:46'),
(76, '2022', 4, 275.00, 1726.49, '2024-06-01 19:23:30', '2024-06-01 19:23:30'),
(77, '2022', 5, 1705.45, 10752.45, '2024-06-01 19:23:47', '2024-06-01 19:23:47'),
(78, '2022', 6, 3573.00, 24751.28, '2024-06-01 19:23:59', '2024-06-01 19:23:59'),
(79, '2022', 7, 5332.27, 33466.16, '2024-06-01 19:24:14', '2024-06-01 19:24:14'),
(80, '2022', 8, 3257.59, 20217.62, '2024-06-01 19:24:29', '2024-06-01 19:24:29'),
(81, '2022', 9, 3119.07, 19668.42, '2024-06-01 19:24:55', '2024-06-01 19:24:55'),
(82, '2022', 10, 3512.48, 23283.27, '2024-06-01 19:25:13', '2024-06-01 19:25:13'),
(83, '2022', 11, 2018.33, 13367.88, '2024-06-01 19:25:43', '2024-06-01 19:25:43'),
(84, '2022', 12, 1846.16, 11631.45, '2024-06-01 19:25:55', '2024-06-01 19:25:55'),
(85, '2022', 13, 1446.60, 9079.29, '2024-06-01 19:26:14', '2024-06-01 19:26:14'),
(86, '2022', 14, 410.64, 2666.36, '2024-06-01 19:26:27', '2024-06-01 19:26:27'),
(87, '2022', 15, 3213.00, 19741.10, '2024-06-01 19:26:39', '2024-06-01 19:26:39'),
(88, '2022', 16, 4230.22, 27275.39, '2024-06-01 19:26:55', '2024-06-01 19:26:55'),
(89, '2022', 17, 2757.12, 17682.82, '2024-06-01 19:27:10', '2024-06-01 19:27:10'),
(90, '2022', 18, 3267.94, 20704.21, '2024-06-01 19:27:21', '2024-06-01 19:27:21'),
(91, '2022', 19, 580.30, 3653.17, '2024-06-01 19:27:33', '2024-06-01 19:27:33'),
(92, '2022', 20, 1050.00, 6484.76, '2024-06-01 19:27:49', '2024-06-01 19:27:49'),
(93, '2022', 21, 1601.15, 10089.22, '2024-06-01 19:28:02', '2024-06-01 19:28:02'),
(94, '2022', 22, 2116.86, 13482.44, '2024-06-01 19:29:02', '2024-06-01 19:29:02'),
(95, '2022', 23, 1758.23, 11982.05, '2024-06-01 19:29:13', '2024-06-01 19:29:13'),
(96, '2022', 24, 5793.02, 36713.09, '2024-06-01 19:29:31', '2024-06-01 19:29:31'),
(97, '2023', 1, 3473.00, 22628.29, '2024-06-01 19:31:23', '2024-06-01 19:31:23'),
(98, '2023', 2, 576.00, 3798.18, '2024-06-01 19:31:57', '2024-06-01 19:31:57'),
(99, '2023', 3, 112.00, 740.95, '2024-06-01 19:32:10', '2024-06-01 19:32:10'),
(100, '2023', 4, 53.00, 351.28, '2024-06-01 19:32:26', '2024-06-01 19:32:26'),
(101, '2023', 5, 471.00, 3106.43, '2024-06-01 19:32:39', '2024-06-01 19:32:39'),
(102, '2023', 6, 3163.00, 20729.72, '2024-06-01 19:32:49', '2024-06-01 19:32:49'),
(103, '2023', 7, 5336.00, 35060.43, '2024-06-01 19:33:09', '2024-06-01 19:33:09'),
(104, '2023', 8, 3695.00, 24338.15, '2024-06-01 19:34:58', '2024-06-01 19:34:58'),
(105, '2023', 9, 2890.00, 19035.07, '2024-06-01 19:35:10', '2024-06-01 19:35:10'),
(106, '2023', 10, 1291.00, 8462.06, '2024-06-01 19:35:22', '2024-06-01 19:35:22'),
(107, '2023', 11, 4517.00, 29677.19, '2024-06-01 19:36:14', '2024-06-01 19:36:14'),
(108, '2023', 12, 1725.00, 11340.44, '2024-06-01 19:36:44', '2024-06-01 19:36:44'),
(109, '2023', 13, 644.00, 4238.88, '2024-06-01 19:36:56', '2024-06-01 19:36:56'),
(110, '2023', 14, 506.00, 3291.74, '2024-06-01 19:37:07', '2024-06-01 19:37:07'),
(111, '2023', 15, 407.00, 2661.30, '2024-06-01 19:37:18', '2024-06-01 19:37:18'),
(112, '2023', 16, 4159.00, 27306.83, '2024-06-01 19:37:31', '2024-06-01 19:37:31'),
(113, '2023', 17, 2906.00, 19133.64, '2024-06-01 19:37:45', '2024-06-01 19:37:45'),
(114, '2023', 18, 1400.00, 9158.75, '2024-06-01 19:37:57', '2024-06-01 19:37:57'),
(115, '2023', 19, 1140.00, 7489.08, '2024-06-01 19:38:08', '2024-06-01 19:38:08'),
(116, '2023', 20, 1833.00, 11993.81, '2024-06-01 19:38:20', '2024-06-01 19:38:20'),
(117, '2023', 21, 1431.00, 9386.26, '2024-06-01 19:38:31', '2024-06-01 19:38:31'),
(118, '2023', 22, 2679.00, 17606.50, '2024-06-01 19:38:44', '2024-06-01 19:38:44'),
(119, '2023', 23, 1042.00, 6879.76, '2024-06-01 19:38:55', '2024-06-01 19:38:55'),
(120, '2023', 24, 2032.00, 13407.28, '2024-06-01 19:39:06', '2024-06-01 19:39:06');

-- --------------------------------------------------------

--
-- Struktur dari tabel `reclustering_status`
--

CREATE TABLE `reclustering_status` (
  `id` bigint(20) UNSIGNED NOT NULL,
  `needs_reclustering` tinyint(1) NOT NULL DEFAULT 0,
  `type` varchar(255) DEFAULT NULL,
  `created_at` timestamp NULL DEFAULT NULL,
  `updated_at` timestamp NULL DEFAULT NULL
) ENGINE=InnoDB DEFAULT CHARSET=utf8mb4 COLLATE=utf8mb4_unicode_ci;

--
-- Dumping data untuk tabel `reclustering_status`
--

INSERT INTO `reclustering_status` (`id`, `needs_reclustering`, `type`, `created_at`, `updated_at`) VALUES
(1, 0, NULL, NULL, NULL);

--
-- Indexes for dumped tables
--

--
-- Indeks untuk tabel `admins`
--
ALTER TABLE `admins`
  ADD PRIMARY KEY (`id`),
  ADD UNIQUE KEY `admins_email_unique` (`email`);

--
-- Indeks untuk tabel `cluster_results`
--
ALTER TABLE `cluster_results`
  ADD PRIMARY KEY (`id`),
  ADD KEY `cluster_results_id_kecamatan_foreign` (`id_kecamatan`);

--
-- Indeks untuk tabel `kecamatans`
--
ALTER TABLE `kecamatans`
  ADD PRIMARY KEY (`id`);

--
-- Indeks untuk tabel `produksi`
--
ALTER TABLE `produksi`
  ADD PRIMARY KEY (`id`),
  ADD KEY `produksi_id_kecamatan_foreign` (`id_kecamatan`);

--
-- Indeks untuk tabel `reclustering_status`
--
ALTER TABLE `reclustering_status`
  ADD PRIMARY KEY (`id`);

--
-- AUTO_INCREMENT untuk tabel yang dibuang
--

--
-- AUTO_INCREMENT untuk tabel `admins`
--
ALTER TABLE `admins`
  MODIFY `id` bigint(20) UNSIGNED NOT NULL AUTO_INCREMENT, AUTO_INCREMENT=3;

--
-- AUTO_INCREMENT untuk tabel `cluster_results`
--
ALTER TABLE `cluster_results`
  MODIFY `id` bigint(20) UNSIGNED NOT NULL AUTO_INCREMENT, AUTO_INCREMENT=121;

--
-- AUTO_INCREMENT untuk tabel `kecamatans`
--
ALTER TABLE `kecamatans`
  MODIFY `id` bigint(20) UNSIGNED NOT NULL AUTO_INCREMENT, AUTO_INCREMENT=26;

--
-- AUTO_INCREMENT untuk tabel `produksi`
--
ALTER TABLE `produksi`
  MODIFY `id` bigint(20) UNSIGNED NOT NULL AUTO_INCREMENT, AUTO_INCREMENT=122;

--
-- AUTO_INCREMENT untuk tabel `reclustering_status`
--
ALTER TABLE `reclustering_status`
  MODIFY `id` bigint(20) UNSIGNED NOT NULL AUTO_INCREMENT, AUTO_INCREMENT=2;

--
-- Ketidakleluasaan untuk tabel pelimpahan (Dumped Tables)
--

--
-- Ketidakleluasaan untuk tabel `cluster_results`
--
ALTER TABLE `cluster_results`
  ADD CONSTRAINT `cluster_results_id_kecamatan_foreign` FOREIGN KEY (`id_kecamatan`) REFERENCES `kecamatans` (`id`) ON DELETE CASCADE;

--
-- Ketidakleluasaan untuk tabel `produksi`
--
ALTER TABLE `produksi`
  ADD CONSTRAINT `produksi_id_kecamatan_foreign` FOREIGN KEY (`id_kecamatan`) REFERENCES `kecamatans` (`id`) ON DELETE CASCADE;
COMMIT;

/*!40101 SET CHARACTER_SET_CLIENT=@OLD_CHARACTER_SET_CLIENT */;
/*!40101 SET CHARACTER_SET_RESULTS=@OLD_CHARACTER_SET_RESULTS */;
/*!40101 SET COLLATION_CONNECTION=@OLD_COLLATION_CONNECTION */;
